{
  "calculation": 1346.9527959823608,
  "count_zip": 479895.4350115061,
  "count_trans_person": 0.0
}