{
  "calculation": 11410.815330505371,
  "count_zip": 2584352.6590539603,
  "count_trans_person": 0.0
}